"FullName","Length","LastWriteTime","Extension"
"C:\ARES_Workspace\ARES_API\HANDOVER_TO_CLAUDE.md","19446","16/10/2025 6:42:36 PM",".md"
"C:\ARES_Workspace\ARES_API\RECOVERY_STATUS.md","5378","16/10/2025 6:36:55 PM",".md"
"C:\ARES_Workspace\ARES_API\cmd\main.go","9281","16/10/2025 6:21:35 PM",".go"
"C:\ARES_Workspace\ARES_API\frontend\dist\assets\index-CKdva_h1.js","574049","16/10/2025 6:17:24 PM",".js"
"C:\ARES_Workspace\ARES_API\frontend\dist\index.html","409","16/10/2025 6:17:24 PM",".html"
"C:\ARES_Workspace\ARES_API\WHAT_AGENTS_SHOULD_TEST.md","7490","16/10/2025 6:02:37 PM",".md"
"C:\ARES_Workspace\ARES_API\create_ui_validation_task.py","5418","16/10/2025 6:02:37 PM",".py"
"C:\ARES_Workspace\ARES_API\ARES_TRADING_UI_SPECIFICATION.md","18101","16/10/2025 6:02:37 PM",".md"
"C:\ARES_Workspace\ARES_API\AGENT_COLLABORATION_TEST_STATUS.md","3356","16/10/2025 6:02:37 PM",".md"
"C:\ARES_Workspace\ARES_API\monitor_agents.ps1","2898","16/10/2025 6:02:37 PM",".ps1"
"C:\ARES_Workspace\ARES_API\create_collaboration_test.py","3707","16/10/2025 6:02:37 PM",".py"
"C:\ARES_Workspace\ARES_API\CODE_QUALITY_FIX_SUMMARY.md","5022","16/10/2025 6:02:37 PM",".md"
"C:\ARES_Workspace\ARES_API\frontend\src\css-modules.d.ts","108","16/10/2025 6:02:37 PM",".ts"
"C:\ARES_Workspace\ARES_API\frontend\src\components\AdvancedOrderForm.tsx","8799","16/10/2025 6:02:36 PM",".tsx"
"C:\ARES_Workspace\ARES_API\internal\agent_swarm\coordinator.py","18846","16/10/2025 6:02:36 PM",".py"
"C:\ARES_Workspace\ARES_API\web\code-ide.html","51902","16/10/2025 6:02:36 PM",".html"
"C:\ARES_Workspace\ARES_API\frontend\src\components\OpenPositionsTable.tsx","2403","16/10/2025 5:31:58 PM",".tsx"
"C:\ARES_Workspace\ARES_API\check_forge_output.py","572","16/10/2025 5:28:39 PM",".py"
"C:\ARES_Workspace\ARES_API\reset_task.py","373","16/10/2025 5:12:08 PM",".py"
"C:\ARES_Workspace\ARES_API\check_task_status.py","1315","16/10/2025 5:10:59 PM",".py"
"C:\ARES_Workspace\ARES_API\UNSTUCK_SUCCESS_SUMMARY.md","5615","16/10/2025 5:10:59 PM",".md"
"C:\ARES_Workspace\ARES_API\PERMANENT_SOLUTION_NO_MORE_SQL_ERRORS.md","4717","16/10/2025 5:10:59 PM",".md"
"C:\ARES_Workspace\ARES_API\internal\agent_swarm\create_task.py","3525","16/10/2025 5:10:59 PM",".py"
"C:\ARES_Workspace\ARES_API\internal\agent_swarm\task_templates.py","3397","16/10/2025 4:56:48 PM",".py"
"C:\ARES_Workspace\ARES_API\create_quality_fix_task.ps1","4149","16/10/2025 4:53:11 PM",".ps1"
"C:\ARES_Workspace\ARES_API\AGENT_SWARM_OPERATIONAL.md","7531","16/10/2025 4:53:11 PM",".md"
"C:\ARES_Workspace\ARES_API\INSTALL_AND_START.ps1","8320","16/10/2025 4:53:11 PM",".ps1"
"C:\ARES_Workspace\ARES_API\START_AGENT_SWARM.ps1","4100","16/10/2025 4:53:11 PM",".ps1"
"C:\ARES_Workspace\ARES_API\find_python.ps1","2970","16/10/2025 4:53:11 PM",".ps1"
"C:\ARES_Workspace\ARES_API\AGENT_SWARM_STATUS.md","5308","16/10/2025 4:23:42 PM",".md"
"C:\ARES_Workspace\ARES_API\quick_test.ps1","4371","16/10/2025 4:23:42 PM",".ps1"
"C:\ARES_Workspace\ARES_API\PHASE_3_AGENT_SWARM_DEPLOYMENT.md","9526","16/10/2025 4:23:42 PM",".md"
"C:\ARES_Workspace\ARES_API\setup_agent_swarm.ps1","5240","16/10/2025 4:23:42 PM",".ps1"
"C:\ARES_Workspace\ARES_API\internal\agent_swarm\create_ui_fix_task.ps1","3720","16/10/2025 4:13:27 PM",".ps1"
"C:\ARES_Workspace\ARES_API\internal\agent_swarm\test_full_workflow.py","4070","16/10/2025 4:13:27 PM",".py"
"C:\ARES_Workspace\ARES_API\internal\agent_swarm\test_connections.py","4883","16/10/2025 4:13:27 PM",".py"
"C:\ARES_Workspace\ARES_API\MODULAR_ARCHITECTURE_COMPLETE.md","15052","16/10/2025 4:11:15 PM",".md"
"C:\ARES_Workspace\ARES_API\test_modular_architecture.ps1","5725","16/10/2025 4:11:15 PM",".ps1"
"C:\ARES_Workspace\ARES_API\internal\observability\span.go","1086","16/10/2025 4:11:15 PM",".go"
"C:\ARES_Workspace\ARES_API\internal\api\handlers\observability_handler.go","5701","16/10/2025 4:11:15 PM",".go"
"C:\ARES_Workspace\ARES_API\internal\api\handlers\config_handler.go","4423","16/10/2025 4:11:15 PM",".go"
"C:\ARES_Workspace\ARES_API\internal\observability\metrics.go","2761","16/10/2025 4:11:15 PM",".go"
"C:\ARES_Workspace\ARES_API\internal\observability\logger.go","5235","16/10/2025 4:11:15 PM",".go"
"C:\ARES_Workspace\ARES_API\internal\eventbus\redis_adapter.go","5220","16/10/2025 4:11:15 PM",".go"
"C:\ARES_Workspace\ARES_API\internal\config\manager.go","6801","16/10/2025 4:11:15 PM",".go"
"C:\ARES_Workspace\ARES_API\migrations\009_enhanced_observability.sql","3947","16/10/2025 4:11:15 PM",".sql"
"C:\ARES_Workspace\ARES_API\migrations\008_service_config.sql","2546","16/10/2025 4:11:15 PM",".sql"
"C:\ARES_Workspace\ARES_API\internal\eventbus\eventbus.go","5936","16/10/2025 4:11:15 PM",".go"
"C:\ARES_Workspace\ARES_API\go.sum","20707","16/10/2025 2:28:55 PM",".sum"
"C:\ARES_Workspace\ARES_API\go.mod","3935","16/10/2025 2:28:55 PM",".mod"
"C:\ARES_Workspace\ARES_API\PHASE_2_COMPLETE.md","10613","16/10/2025 2:12:56 PM",".md"
"C:\ARES_Workspace\ARES_API\internal\agent_swarm\README.md","10466","16/10/2025 2:12:56 PM",".md"
"C:\ARES_Workspace\ARES_API\web\agent-dashboard.html","20233","16/10/2025 2:10:22 PM",".html"
"C:\ARES_Workspace\ARES_API\internal\agent_swarm\start-coordinator.ps1","1800","16/10/2025 2:10:22 PM",".ps1"
"C:\ARES_Workspace\ARES_API\AGENT_SWARM_DEPLOYMENT_SUMMARY.md","11543","16/10/2025 2:10:22 PM",".md"
"C:\ARES_Workspace\ARES_API\internal\repositories\agent_repository.go","13955","16/10/2025 2:10:22 PM",".go"
"C:\ARES_Workspace\ARES_API\internal\api\handlers\agent_handler.go","6665","16/10/2025 2:10:22 PM",".go"
"C:\ARES_Workspace\ARES_API\internal\models\agent.go","6649","16/10/2025 2:10:22 PM",".go"
"C:\ARES_Workspace\ARES_API\internal\api\routes\v1.go","31101","16/10/2025 2:10:22 PM",".go"
"C:\ARES_Workspace\ARES_API\migrations\007_agent_swarm.sql","5916","16/10/2025 1:47:30 PM",".sql"
"C:\ARES_Workspace\ARES_API\web\solace-trading.html","22449","16/10/2025 1:29:55 PM",".html"
"C:\ARES_Workspace\ARES_API\web\trading.html","27281","16/10/2025 1:29:55 PM",".html"
"C:\ARES_Workspace\ARES_API\frontend\src\pages\TradingDashboard.tsx","13387","16/10/2025 1:02:50 PM",".tsx"
"C:\ARES_Workspace\ARES_API\frontend\src\App.tsx","1003","16/10/2025 1:02:50 PM",".tsx"
"C:\ARES_Workspace\ARES_API\frontend\src\pages\SOLACEConsciousnessTrading.tsx","14559","16/10/2025 1:02:50 PM",".tsx"
"C:\ARES_Workspace\ARES_API\frontend\src\components\SimpleChart.tsx","1110","16/10/2025 12:43:08 PM",".tsx"
"C:\ARES_Workspace\ARES_API\frontend\src\components\ErrorBoundary.tsx","2661","16/10/2025 12:43:08 PM",".tsx"
"C:\ARES_Workspace\ARES_API\frontend\src\components\TradingChart.tsx","6551","16/10/2025 12:36:28 PM",".tsx"
"C:\ARES_Workspace\ARES_API\frontend\src\components\TradingViewChart.tsx","2840","16/10/2025 12:32:31 PM",".tsx"
"C:\ARES_Workspace\ARES_API\frontend\test-binance-api.html","1938","16/10/2025 12:32:31 PM",".html"
"C:\ARES_Workspace\ARES_API\frontend\src\pages\SimpleBinanceTrading.tsx","12291","16/10/2025 12:32:31 PM",".tsx"
"C:\ARES_Workspace\ARES_API\internal\logger\logger.go","5320","16/10/2025 11:42:27 AM",".go"
"C:\ARES_Workspace\ARES_API\internal\database\migrations\012_centralized_logging_system.sql","3411","16/10/2025 11:42:27 AM",".sql"
"C:\ARES_Workspace\ARES_API\internal\logger\audit_logger.go","4044","16/10/2025 11:42:27 AM",".go"
"C:\ARES_Workspace\ARES_API\internal\services\trading_service.go","17425","16/10/2025 11:42:27 AM",".go"
"C:\ARES_Workspace\ARES_API\frontend\src\components\MainTradingDashboard.tsx","12627","16/10/2025 11:27:56 AM",".tsx"
"C:\ARES_Workspace\ARES_API\frontend\src\types\trading.ts","6199","16/10/2025 11:27:56 AM",".ts"
"C:\ARES_Workspace\ARES_API\frontend\src\utils\api.ts","6002","16/10/2025 11:27:56 AM",".ts"
"C:\ARES_Workspace\ARES_API\frontend\src\utils\auth.ts","3337","16/10/2025 11:27:56 AM",".ts"
"C:\ARES_Workspace\ARES_API\internal\grpo\updater.go","3007","16/10/2025 11:01:56 AM",".go"
"C:\ARES_Workspace\ARES_API\internal\grpo\agent.go","9068","16/10/2025 11:01:56 AM",".go"
"C:\ARES_Workspace\ARES_API\internal\database\migrations\011_grpo_learning_system.sql","8120","16/10/2025 11:01:56 AM",".sql"
"C:\ARES_Workspace\ARES_API\SOLACE_SYSTEM_AUDIT_REPORT.md","17626","16/10/2025 10:52:15 AM",".md"
"C:\ARES_Workspace\ARES_API\INTEGRATION_SUMMARY.md","5262","16/10/2025 10:52:15 AM",".md"
"C:\ARES_Workspace\ARES_API\test_integration.ps1","4830","16/10/2025 10:52:15 AM",".ps1"
"C:\ARES_Workspace\ARES_API\PHASE_INTEGRATION_COMPLETE.md","11813","16/10/2025 10:52:15 AM",".md"
"C:\ARES_Workspace\ARES_API\internal\subscribers\analytics_subscriber.go","3731","16/10/2025 10:52:15 AM",".go"
"C:\ARES_Workspace\ARES_API\internal\subscribers\trade_audit_subscriber.go","2779","16/10/2025 10:52:15 AM",".go"
"C:\ARES_Workspace\ARES_API\PHASE_3_COMPLETE_REPORT.md","13183","16/10/2025 9:56:46 AM",".md"
"C:\ARES_Workspace\ARES_API\internal\database\write_queue.go","4296","16/10/2025 9:56:46 AM",".go"
"C:\ARES_Workspace\ARES_API\internal\repositories\asset_repository.go","7203","16/10/2025 9:56:46 AM",".go"
"C:\ARES_Workspace\ARES_API\internal\cache\price_cache.go","3255","16/10/2025 9:56:46 AM",".go"
"C:\ARES_Workspace\ARES_API\PHASE_2_COMPLETE_REPORT.md","11235","16/10/2025 9:56:46 AM",".md"
"C:\ARES_Workspace\ARES_API\cmd\test_eventbus\main.go","1900","16/10/2025 9:56:46 AM",".go"
"C:\ARES_Workspace\ARES_API\internal\eventbus\events.go","3989","16/10/2025 9:56:46 AM",".go"
"C:\ARES_Workspace\ARES_API\internal\api\controllers\health_controller.go","3372","16/10/2025 9:56:46 AM",".go"
"C:\ARES_Workspace\ARES_API\quick_build.ps1","661","16/10/2025 9:39:17 AM",".ps1"
"C:\ARES_Workspace\ARES_API\build_phase1.ps1","4997","16/10/2025 9:39:17 AM",".ps1"
"C:\ARES_Workspace\ARES_API\CONTRACTS.md","13124","16/10/2025 9:39:17 AM",".md"
"C:\ARES_Workspace\ARES_API\internal\registry\service_registry.go","3370","16/10/2025 9:39:17 AM",".go"
"C:\ARES_Workspace\ARES_API\migrations\004_service_registry.sql","1501","16/10/2025 9:39:17 AM",".sql"
"C:\ARES_Workspace\ARES_API\reset_sequences.sql","566","16/10/2025 7:44:42 AM",".sql"
"C:\ARES_Workspace\ARES_API\db_helper.go","1407","16/10/2025 7:44:42 AM",".go"
"C:\ARES_Workspace\ARES_API\check_schema.sql","540","16/10/2025 7:44:42 AM",".sql"
"C:\ARES_Workspace\ARES_API\db_query.ps1","328","16/10/2025 7:44:42 AM",".ps1"
"C:\ARES_Workspace\ARES_API\internal\trading\glassbox_integration_test.go","4468","16/10/2025 7:25:38 AM",".go"
"C:\ARES_Workspace\ARES_API\test_glassbox.ps1","1402","16/10/2025 7:25:38 AM",".ps1"
"C:\ARES_Workspace\ARES_API\internal\trading\sandbox.go","23465","16/10/2025 7:25:38 AM",".go"
"C:\ARES_Workspace\ARES_API\internal\glassbox\hedera_anchor.go","5462","16/10/2025 7:25:38 AM",".go"
"C:\ARES_Workspace\ARES_API\internal\trading\trading_test.go","13777","16/10/2025 6:58:40 AM",".go"
"C:\ARES_Workspace\ARES_API\internal\glassbox\tracer.go","11510","16/10/2025 6:43:08 AM",".go"
"C:\ARES_Workspace\ARES_API\internal\glassbox\hasher.go","5525","16/10/2025 6:43:08 AM",".go"
"C:\ARES_Workspace\ARES_API\internal\database\migrations\010_decision_tree_complete.sql","9116","16/10/2025 6:43:07 AM",".sql"
"C:\ARES_Workspace\ARES_API\internal\api\controllers\solace_agent_chat.go","2988","16/10/2025 5:22:54 AM",".go"
"C:\ARES_Workspace\ARES_API\internal\agent\solace.go","34513","16/10/2025 4:20:13 AM",".go"
"C:\ARES_Workspace\ARES_API\internal\agent\process_manager.go","7308","15/10/2025 8:52:47 PM",".go"
"C:\ARES_Workspace\ARES_API\internal\memory\summarizer.go","1410","15/10/2025 8:52:47 PM",".go"
"C:\ARES_Workspace\ARES_API\internal\memory\conversation_memory.go","4174","15/10/2025 8:52:47 PM",".go"
"C:\ARES_Workspace\ARES_API\internal\middleware\solace_auth.go","1269","15/10/2025 8:17:01 PM",".go"
"C:\ARES_Workspace\ARES_API\pkg\llm\openai_client.go","5937","15/10/2025 7:07:15 PM",".go"
"C:\ARES_Workspace\ARES_API\internal\agent\working_memory.go","3753","15/10/2025 4:00:53 PM",".go"
"C:\ARES_Workspace\ARES_API\internal\agent\database_tool.go","6914","15/10/2025 3:46:43 PM",".go"
"C:\ARES_Workspace\ARES_API\internal\api\controllers\database_controller.go","6476","15/10/2025 3:46:42 PM",".go"
"C:\ARES_Workspace\ARES_API\internal\api\controllers\solace_controller.go","11038","15/10/2025 3:20:51 PM",".go"
"C:\ARES_Workspace\ARES_API\internal\api\controllers\ui_test_controller.go","6984","15/10/2025 1:29:57 PM",".go"
"C:\ARES_Workspace\ARES_API\internal\api\controllers\solace_command_controller.go","8749","15/10/2025 1:16:01 PM",".go"
"C:\ARES_Workspace\ARES_API\internal\api\controllers\agent_controller.go","14356","15/10/2025 12:41:02 PM",".go"
"C:\ARES_Workspace\ARES_API\internal\database\tabs_integration_schema.sql","3762","15/10/2025 12:16:02 PM",".sql"
"C:\ARES_Workspace\ARES_API\internal\api\controllers\consciousness_client.go","6974","15/10/2025 10:29:24 AM",".go"
"C:\ARES_Workspace\ARES_API\internal\database\total_observability_schema.sql","15753","14/10/2025 10:03:32 PM",".sql"
"C:\ARES_Workspace\ARES_API\internal\database\solace_observation_schema.sql","7495","14/10/2025 8:14:53 PM",".sql"
"C:\ARES_Workspace\ARES_API\web\diagnostic.html","7559","14/10/2025 3:30:51 PM",".html"
"C:\ARES_Workspace\ARES_API\internal\database\ui_observation_schema_simple.sql","4613","14/10/2025 3:26:50 PM",".sql"
"C:\ARES_Workspace\ARES_API\static\js\solace_observer.js","24399","14/10/2025 3:09:14 PM",".js"
"C:\ARES_Workspace\ARES_API\internal\solace\ui_observer.go","12274","14/10/2025 3:09:14 PM",".go"
"C:\ARES_Workspace\ARES_API\internal\database\ui_observation_schema.sql","13757","14/10/2025 3:09:14 PM",".sql"
"C:\ARES_Workspace\ARES_API\web\binance_trading.html","25141","14/10/2025 2:46:19 PM",".html"
"C:\ARES_Workspace\ARES_API\frontend\src\pages\TestPage.tsx","846","14/10/2025 2:30:27 PM",".tsx"
"C:\ARES_Workspace\ARES_API\frontend\src\pages\BinanceTrading.tsx","6842","14/10/2025 2:29:30 PM",".tsx"
"C:\ARES_Workspace\ARES_API\frontend\src\pages\ProfessionalTrading.tsx","3516","14/10/2025 2:09:06 PM",".tsx"
"C:\ARES_Workspace\ARES_API\frontend\package-lock.json","73498","14/10/2025 1:23:41 PM",".json"
"C:\ARES_Workspace\ARES_API\frontend\package.json","599","14/10/2025 1:23:41 PM",".json"
"C:\ARES_Workspace\ARES_API\frontend\src\components\PlaybookRules.tsx","3468","14/10/2025 1:22:44 PM",".tsx"
"C:\ARES_Workspace\ARES_API\frontend\src\components\TradeHistoryTable.tsx","3306","14/10/2025 1:22:44 PM",".tsx"
"C:\ARES_Workspace\ARES_API\frontend\src\components\SimpleTradeForm.tsx","5960","14/10/2025 1:08:20 PM",".tsx"
"C:\ARES_Workspace\ARES_API\frontend\src\components\Sidebar.tsx","4507","14/10/2025 1:06:56 PM",".tsx"
"C:\ARES_Workspace\ARES_API\frontend\src\hooks\useBacktestData.ts","10801","14/10/2025 1:06:56 PM",".ts"
"C:\ARES_Workspace\ARES_API\frontend\src\components\TakeProfitInput.tsx","10445","14/10/2025 10:49:04 AM",".tsx"
"C:\ARES_Workspace\ARES_API\frontend\src\components\StopLossInput.tsx","10327","14/10/2025 10:43:54 AM",".tsx"
"C:\ARES_Workspace\ARES_API\frontend\src\hooks\useBinanceWebSocket.ts","9124","14/10/2025 10:37:53 AM",".ts"
"C:\ARES_Workspace\ARES_API\frontend\src\components\DrawingToolsBar.tsx","8622","14/10/2025 10:34:35 AM",".tsx"
"C:\ARES_Workspace\ARES_API\frontend\src\components\IndicatorSelector.tsx","10847","14/10/2025 10:29:05 AM",".tsx"
"C:\ARES_Workspace\ARES_API\frontend\src\components\TimeframeSelector.tsx","3512","14/10/2025 10:18:06 AM",".tsx"
"C:\ARES_Workspace\ARES_API\frontend\src\components\RecentTrades.tsx","9267","14/10/2025 10:12:30 AM",".tsx"
"C:\ARES_Workspace\ARES_API\frontend\src\components\OrderBook.tsx","10299","14/10/2025 10:12:30 AM",".tsx"
"C:\ARES_Workspace\ARES_API\frontend\src\lib\api.ts","1655","14/10/2025 8:47:28 AM",".ts"
"C:\ARES_Workspace\ARES_API\frontend\src\pages\Dashboard.tsx","8894","14/10/2025 8:23:02 AM",".tsx"
"C:\ARES_Workspace\ARES_API\frontend\src\pages\Login.tsx","4328","14/10/2025 8:23:01 AM",".tsx"
"C:\ARES_Workspace\ARES_API\frontend\src\stores\authStore.ts","599","14/10/2025 8:23:01 AM",".ts"
"C:\ARES_Workspace\ARES_API\frontend\src\main.tsx","242","14/10/2025 8:23:01 AM",".tsx"
"C:\ARES_Workspace\ARES_API\frontend\tsconfig.node.json","223","14/10/2025 8:23:01 AM",".json"
"C:\ARES_Workspace\ARES_API\frontend\tsconfig.json","528","14/10/2025 8:23:01 AM",".json"
"C:\ARES_Workspace\ARES_API\frontend\vite.config.ts","165","14/10/2025 8:23:01 AM",".ts"
"C:\ARES_Workspace\ARES_API\frontend\index.html","311","14/10/2025 8:23:01 AM",".html"
"C:\ARES_Workspace\ARES_API\web\dashboard.html","24151","14/10/2025 7:51:44 AM",".html"
"C:\ARES_Workspace\ARES_API\internal\auth\jwt.go","3415","14/10/2025 7:24:43 AM",".go"
"C:\ARES_Workspace\ARES_API\internal\api\handlers\memory_handler.go","18867","13/10/2025 6:40:45 PM",".go"
"C:\ARES_Workspace\ARES_API\internal\database\migrations\001_master_memory_system.sql","16422","13/10/2025 6:34:37 PM",".sql"
"C:\ARES_Workspace\ARES_API\internal\database\create_memory_log.sql","5169","13/10/2025 5:40:24 PM",".sql"
"C:\ARES_Workspace\ARES_API\internal\database\ares_master_memory_schema.sql","17396","13/10/2025 5:40:24 PM",".sql"
"C:\ARES_Workspace\ARES_API\internal\database\ares_integrations.sql","17246","13/10/2025 4:56:39 PM",".sql"
"C:\ARES_Workspace\ARES_API\internal\database\ares_triggers.sql","12777","13/10/2025 4:56:15 PM",".sql"
"C:\ARES_Workspace\ARES_API\internal\api\controllers\glass_box_controller.go","5281","13/10/2025 4:37:42 PM",".go"
"C:\ARES_Workspace\ARES_API\internal\ace\refactor_loop.go","16856","13/10/2025 4:30:10 PM",".go"
"C:\ARES_Workspace\ARES_API\internal\ace\reflector.go","20265","13/10/2025 4:20:59 PM",".go"
"C:\ARES_Workspace\ARES_API\internal\database\consciousness_substrate_schema.sql","13382","13/10/2025 4:10:38 PM",".sql"
"C:\ARES_Workspace\ARES_API\web\fix-auth.html","786","13/10/2025 3:49:26 PM",".html"
"C:\ARES_Workspace\ARES_API\web\debug-trades.html","4793","13/10/2025 2:32:42 PM",".html"
"C:\ARES_Workspace\ARES_API\web\auto-login-trading.html","2862","13/10/2025 2:32:42 PM",".html"
"C:\ARES_Workspace\ARES_API\internal\api\controllers\trading_controller.go","12170","13/10/2025 2:11:15 PM",".go"
"C:\ARES_Workspace\ARES_API\cmd\init_solace_balance\main.go","987","13/10/2025 1:23:14 PM",".go"
"C:\ARES_Workspace\ARES_API\internal\api\dto\trading_dto.go","3706","13/10/2025 1:05:50 PM",".go"
"C:\ARES_Workspace\ARES_API\internal\hedera\service.go","1613","13/10/2025 12:11:28 PM",".go"
"C:\ARES_Workspace\ARES_API\internal\services\merkle_batch_service.go","7192","13/10/2025 12:11:28 PM",".go"
"C:\ARES_Workspace\ARES_API\cmd\migrate_glass_box\main.go","2633","13/10/2025 11:23:40 AM",".go"
"C:\ARES_Workspace\ARES_API\internal\models\glass_box.go","4095","13/10/2025 11:23:40 AM",".go"
"C:\ARES_Workspace\ARES_API\internal\merkle\tree.go","5231","13/10/2025 11:23:40 AM",".go"
"C:\ARES_Workspace\ARES_API\internal\api\controllers\test_log_controller.go","5293","13/10/2025 11:23:40 AM",".go"
"C:\ARES_Workspace\ARES_API\internal\hedera\consensus_logger.go","1939","13/10/2025 11:04:12 AM",".go"
"C:\ARES_Workspace\ARES_API\cmd\create_test_log\main.go","2135","13/10/2025 10:46:41 AM",".go"
"C:\ARES_Workspace\ARES_API\internal\api\handlers\ace_handler.go","6886","13/10/2025 10:46:41 AM",".go"
"C:\ARES_Workspace\ARES_API\internal\ace\generator.go","10609","13/10/2025 10:46:41 AM",".go"
"C:\ARES_Workspace\ARES_API\internal\ace\emergence.go","15839","13/10/2025 9:55:08 AM",".go"
"C:\ARES_Workspace\ARES_API\internal\ace\toroidal.go","13721","13/10/2025 9:55:08 AM",".go"
"C:\ARES_Workspace\ARES_API\static\ace_dashboard.html","23354","13/10/2025 9:55:08 AM",".html"
"C:\ARES_Workspace\ARES_API\internal\services\chat_service.go","5703","13/10/2025 9:55:07 AM",".go"
"C:\ARES_Workspace\ARES_API\cmd\load_patterns\main.go","7593","13/10/2025 9:30:30 AM",".go"
"C:\ARES_Workspace\ARES_API\cmd\migrate_ace\main.go","5555","13/10/2025 9:21:52 AM",".go"
"C:\ARES_Workspace\ARES_API\internal\database\ace_schema.sql","3516","13/10/2025 9:21:52 AM",".sql"
"C:\ARES_Workspace\ARES_API\cmd\test_ace\main.go","8827","13/10/2025 9:21:52 AM",".go"
"C:\ARES_Workspace\ARES_API\internal\ace\orchestrator_test.go","8788","13/10/2025 9:10:11 AM",".go"
"C:\ARES_Workspace\ARES_API\internal\ace\orchestrator.go","8310","13/10/2025 9:10:11 AM",".go"
"C:\ARES_Workspace\ARES_API\internal\ace\curator.go","12031","13/10/2025 9:10:11 AM",".go"
"C:\ARES_Workspace\ARES_API\internal\services\pattern_service.go","9397","13/10/2025 9:10:10 AM",".go"
"C:\ARES_Workspace\ARES_API\internal\agent\cognitive_patterns.py","59668","13/10/2025 8:59:13 AM",".py"
"C:\ARES_Workspace\ARES_API\internal\database\consciousness_schema.sql","19974","13/10/2025 8:48:38 AM",".sql"
"C:\ARES_Workspace\ARES_API\internal\database\consciousness_init.go","2462","13/10/2025 8:00:23 AM",".go"
"C:\ARES_Workspace\ARES_API\internal\database\consciousness_indexes.sql","2766","13/10/2025 7:53:18 AM",".sql"
"C:\ARES_Workspace\ARES_API\internal\database\consciousness_schema_original.sql","21090","13/10/2025 7:38:30 AM",".sql"
"C:\ARES_Workspace\ARES_API\internal\api\controllers\vision_controller.go","6026","13/10/2025 6:19:56 AM",".go"
"C:\ARES_Workspace\ARES_API\internal\services\system_context_service.go","10600","13/10/2025 6:19:56 AM",".go"
"C:\ARES_Workspace\ARES_API\web\health.html","27640","12/10/2025 8:38:13 PM",".html"
"C:\ARES_Workspace\ARES_API\web\memory.html","26770","12/10/2025 8:38:13 PM",".html"
"C:\ARES_Workspace\ARES_API\web\chat.html","22952","12/10/2025 8:38:13 PM",".html"
"C:\ARES_Workspace\ARES_API\web\vision.html","11316","12/10/2025 8:28:01 PM",".html"
"C:\ARES_Workspace\ARES_API\internal\api\controllers\crypto_price_controller.go","4169","12/10/2025 8:24:13 PM",".go"
"C:\ARES_Workspace\ARES_API\internal\api\controllers\conversation_controller.go","4480","12/10/2025 8:24:13 PM",".go"
"C:\ARES_Workspace\ARES_API\internal\api\controllers\memory_controller.go","7460","12/10/2025 7:38:26 PM",".go"
"C:\ARES_Workspace\ARES_API\internal\api\controllers\system_health_controller.go","6123","12/10/2025 7:03:00 PM",".go"
"C:\ARES_Workspace\ARES_API\internal\api\controllers\chat_controller.go","3150","12/10/2025 5:14:53 PM",".go"
"C:\ARES_Workspace\ARES_API\web\simple_chat.html","4798","12/10/2025 4:30:41 PM",".html"
"C:\ARES_Workspace\ARES_API\DOCUMENT_PORTAL_COMPLETE.md","14818","12/10/2025 2:47:44 PM",".md"
"C:\ARES_Workspace\ARES_API\web\docs.html","31295","12/10/2025 2:46:09 PM",".html"
"C:\ARES_Workspace\ARES_API\internal\api\controllers\fault_vault_controller.go","8945","12/10/2025 2:46:09 PM",".go"
"C:\ARES_Workspace\ARES_API\internal\api\controllers\docs_controller.go","6308","12/10/2025 2:41:06 PM",".go"
"C:\ARES_Workspace\ARES_API\QUICK_REFERENCE.md","7179","12/10/2025 2:39:30 PM",".md"
"C:\ARES_Workspace\ARES_API\COMPREHENSIVE_SYSTEM_ANALYSIS.md","17122","12/10/2025 2:35:27 PM",".md"
"C:\ARES_Workspace\ARES_API\ARCHITECTURE_COMPLIANCE_AUDIT.md","16994","12/10/2025 2:34:19 PM",".md"
"C:\ARES_Workspace\ARES_API\SYSTEM_HEALTH_ANALYSIS.md","11800","12/10/2025 2:32:20 PM",".md"
"C:\ARES_Workspace\ARES_API\internal\api\dto\chat_dto.go","962","12/10/2025 2:20:39 PM",".go"
"C:\ARES_Workspace\ARES_API\internal\api\controllers\monitoring_controller.go","4769","12/10/2025 2:20:38 PM",".go"
"C:\ARES_Workspace\ARES_API\internal\monitoring\metrics.go","8218","12/10/2025 2:20:38 PM",".go"
"C:\ARES_Workspace\ARES_API\internal\services\user_service.go","2287","12/10/2025 2:06:07 PM",".go"
"C:\ARES_Workspace\ARES_API\internal\interfaces\service\user_service_interface.go","325","12/10/2025 2:06:07 PM",".go"
"C:\ARES_Workspace\ARES_API\internal\api\controllers\user_controller.go","4144","12/10/2025 2:06:07 PM",".go"
"C:\ARES_Workspace\ARES_API\MISSING_ENDPOINTS.md","2370","12/10/2025 2:06:07 PM",".md"
"C:\ARES_Workspace\ARES_API\web\register.html","7767","12/10/2025 1:18:34 PM",".html"
"C:\ARES_Workspace\ARES_API\web\login.html","6799","12/10/2025 1:18:34 PM",".html"
"C:\ARES_Workspace\ARES_API\internal\api\controllers\auth_controller.go","4395","12/10/2025 1:18:34 PM",".go"
"C:\ARES_Workspace\ARES_API\internal\trading\ace_strategy.go","8772","12/10/2025 12:56:30 PM",".go"
"C:\ARES_Workspace\ARES_API\internal\repositories\playbook_repository.go","2347","12/10/2025 12:56:30 PM",".go"
"C:\ARES_Workspace\ARES_API\internal\trading\curator.go","5589","12/10/2025 12:56:30 PM",".go"
"C:\ARES_Workspace\ARES_API\internal\trading\reflector.go","6886","12/10/2025 12:56:30 PM",".go"
"C:\ARES_Workspace\ARES_API\internal\models\playbook.go","2672","12/10/2025 12:56:30 PM",".go"
"C:\ARES_Workspace\ARES_API\internal\database\migration.go","1301","12/10/2025 12:56:30 PM",".go"
"C:\ARES_Workspace\ARES_API\SOLACE_VERIFICATION_REPORT.md","9038","12/10/2025 11:51:49 AM",".md"
"C:\ARES_Workspace\ARES_API\Test-SOLACE-Features.ps1","25333","12/10/2025 11:49:05 AM",".ps1"
"C:\ARES_Workspace\ARES_API\Check-SOLACE.ps1","7998","12/10/2025 11:43:07 AM",".ps1"
"C:\ARES_Workspace\ARES_API\HOW_TO_START_SOLACE.md","8417","12/10/2025 11:43:07 AM",".md"
"C:\ARES_Workspace\ARES_API\SOLACE_INTEGRATION_COMPLETE.md","11249","12/10/2025 11:43:07 AM",".md"
"C:\ARES_Workspace\ARES_API\internal\agent\thought_journal.go","2608","12/10/2025 11:43:07 AM",".go"
"C:\ARES_Workspace\ARES_API\internal\models\user.go","377","12/10/2025 10:25:02 AM",".go"
"C:\ARES_Workspace\ARES_API\config\feature_flags.go","4097","12/10/2025 10:25:01 AM",".go"
"C:\ARES_Workspace\ARES_API\internal\database\migrations\005_enhance_trades_for_sandbox.sql","4619","12/10/2025 10:25:01 AM",".sql"
"C:\ARES_Workspace\ARES_API\internal\models\trade.go","1799","12/10/2025 10:25:01 AM",".go"
"C:\ARES_Workspace\ARES_API\internal\repositories\trade_repository.go","4233","12/10/2025 10:25:01 AM",".go"
"C:\ARES_Workspace\ARES_API\internal\trading\metrics.go","8922","12/10/2025 9:26:52 AM",".go"
"C:\ARES_Workspace\ARES_API\pkg\llm\client.go","12489","12/10/2025 9:26:52 AM",".go"
"C:\ARES_Workspace\ARES_API\internal\trading\strategy.go","10550","12/10/2025 7:15:41 AM",".go"
"C:\ARES_Workspace\ARES_API\internal\trading\authorization.go","8763","12/10/2025 7:15:41 AM",".go"
"C:\ARES_Workspace\ARES_API\pkg\llm\file_tools_test.go","4733","12/10/2025 7:15:41 AM",".go"
"C:\ARES_Workspace\ARES_API\pkg\llm\context_manager_test.go","3848","12/10/2025 7:15:41 AM",".go"
"C:\ARES_Workspace\ARES_API\internal\api\controllers\context_controller.go","1410","12/10/2025 6:40:31 AM",".go"
"C:\ARES_Workspace\ARES_API\internal\api\controllers\file_tools_controller.go","4758","12/10/2025 6:40:31 AM",".go"
"C:\ARES_Workspace\ARES_API\pkg\llm\context_manager.go","7407","12/10/2025 6:40:31 AM",".go"
"C:\ARES_Workspace\ARES_API\pkg\llm\file_tools.go","5362","12/10/2025 6:40:31 AM",".go"
"C:\ARES_Workspace\ARES_API\internal\api\controllers\llm_health_controller.go","1905","12/10/2025 6:40:31 AM",".go"
"C:\ARES_Workspace\ARES_API\pkg\llm\types.go","2087","12/10/2025 6:40:30 AM",".go"
"C:\ARES_Workspace\ARES_API\internal\docs\swagger.yaml","44885","11/10/2025 8:37:51 PM",".yaml"
"C:\ARES_Workspace\ARES_API\internal\docs\swagger.json","96536","11/10/2025 8:37:51 PM",".json"
"C:\ARES_Workspace\ARES_API\internal\docs\docs.go","97310","11/10/2025 8:37:51 PM",".go"
"C:\ARES_Workspace\ARES_API\PHASE_1_COMPLETE.md","7685","11/10/2025 7:44:45 PM",".md"
"C:\ARES_Workspace\ARES_API\TRADING_SYSTEM_STATUS.md","10743","11/10/2025 7:43:23 PM",".md"
"C:\ARES_Workspace\ARES_API\internal\services\trade_service.go","6772","11/10/2025 7:38:19 PM",".go"
"C:\ARES_Workspace\ARES_API\internal\services\balance_service.go","1513","11/10/2025 7:37:57 PM",".go"
"C:\ARES_Workspace\ARES_API\internal\interfaces\repository\balance_repo_interface.go","797","11/10/2025 7:37:36 PM",".go"
"C:\ARES_Workspace\ARES_API\internal\repositories\balance_repository.go","2718","11/10/2025 7:32:40 PM",".go"
"C:\ARES_Workspace\ARES_API\internal\repositories\trading_repository.go","6060","11/10/2025 7:31:24 PM",".go"
"C:\ARES_Workspace\ARES_API\internal\models\balance.go","845","11/10/2025 7:22:13 PM",".go"
"C:\ARES_Workspace\ARES_API\internal\models\trading.go","11071","11/10/2025 7:21:33 PM",".go"
"C:\ARES_Workspace\ARES_API\internal\database\migrations\004_autonomous_trading_system.sql","11262","11/10/2025 7:20:20 PM",".sql"
"C:\ARES_Workspace\ARES_API\SYSTEM_STABILITY_SECURITY_REPORT.md","7929","11/10/2025 6:55:45 PM",".md"
"C:\ARES_Workspace\ARES_API\internal\models\ares_config.go","839","10/10/2025 5:00:57 PM",".go"
"C:\ARES_Workspace\ARES_API\internal\models\memory_snapshot.go","3679","10/10/2025 3:40:39 PM",".go"
"C:\ARES_Workspace\ARES_API\internal\api\controllers\trade_controller.go","5419","10/10/2025 3:38:48 PM",".go"
"C:\ARES_Workspace\ARES_API\internal\api\controllers\backup_controller.go","5154","10/10/2025 3:38:22 PM",".go"
"C:\ARES_Workspace\ARES_API\internal\api\controllers\llm_controller.go","2578","10/10/2025 3:37:55 PM",".go"
"C:\ARES_Workspace\ARES_API\internal\models\fault_vault.go","4674","10/10/2025 3:28:07 PM",".go"
"C:\ARES_Workspace\ARES_API\internal\interfaces\service\memory_service_interface.go","570","10/10/2025 3:26:45 PM",".go"
"C:\ARES_Workspace\ARES_API\internal\services\scanner_service.go","6275","10/10/2025 3:24:59 PM",".go"
"C:\ARES_Workspace\ARES_API\internal\api\controllers\scanner_controller.go","3316","10/10/2025 3:24:46 PM",".go"
"C:\ARES_Workspace\ARES_API\internal\services\memory_service.go","5685","10/10/2025 3:23:51 PM",".go"
"C:\ARES_Workspace\ARES_API\internal\api\dto\memory_dto.go","1254","10/10/2025 3:23:24 PM",".go"
"C:\ARES_Workspace\ARES_API\internal\models\file_scan.go","472","10/10/2025 3:18:39 PM",".go"
"C:\ARES_Workspace\ARES_API\internal\models\conversation_import.go","508","10/10/2025 3:18:38 PM",".go"
"C:\ARES_Workspace\ARES_API\internal\models\chat_message.go","992","10/10/2025 3:08:37 PM",".go"
"C:\ARES_Workspace\ARES_API\internal\database\migrations\003_fault_vault_system.sql","4656","10/10/2025 3:06:47 PM",".sql"
"C:\ARES_Workspace\ARES_API\README_START_HERE.md","3021","10/10/2025 1:56:42 PM",".md"
"C:\ARES_Workspace\ARES_API\internal\.claude\settings.local.json","1046","10/10/2025 1:55:10 PM",".json"
"C:\ARES_Workspace\ARES_API\SEMANTIC_MEMORY_GUIDE.md","6280","10/10/2025 1:52:43 PM",".md"
"C:\ARES_Workspace\ARES_API\internal\repositories\memory_repository.go","8147","10/10/2025 1:48:36 PM",".go"
"C:\ARES_Workspace\ARES_API\cmd\migrate\main.go","6182","10/10/2025 1:47:36 PM",".go"
"C:\ARES_Workspace\ARES_API\internal\interfaces\repository\memory_repo_interface.go","1229","10/10/2025 1:38:00 PM",".go"
"C:\ARES_Workspace\ARES_API\internal\services\embedding_service.go","7861","10/10/2025 1:34:41 PM",".go"
"C:\ARES_Workspace\ARES_API\internal\database\migrations\003_semantic_memory_architecture.sql","11833","10/10/2025 1:34:01 PM",".sql"
"C:\ARES_Workspace\ARES_API\static\editor.html","16136","10/10/2025 1:18:12 PM",".html"
"C:\ARES_Workspace\ARES_API\internal\api\controllers\editor_controller.go","4589","10/10/2025 1:12:00 PM",".go"
"C:\ARES_Workspace\ARES_API\internal\services\editor_service.go","8969","10/10/2025 1:11:41 PM",".go"
"C:\ARES_Workspace\ARES_API\internal\api\dto\editor_dto.go","2062","10/10/2025 1:11:06 PM",".go"
"C:\ARES_Workspace\ARES_API\internal\api\dto\scanner_dto.go","1185","10/10/2025 11:58:16 AM",".go"
"C:\ARES_Workspace\ARES_API\cmd\launcher\main.go","6587","10/10/2025 11:32:58 AM",".go"
"C:\ARES_Workspace\ARES_API\LAUNCHER.md","3088","10/10/2025 10:05:21 AM",".md"
"C:\ARES_Workspace\ARES_API\internal\common\filesystem.go","2731","10/10/2025 9:30:09 AM",".go"
"C:\ARES_Workspace\ARES_API\internal\repositories\ledger_repository.go","734","10/10/2025 7:50:25 AM",".go"
"C:\ARES_Workspace\ARES_API\internal\models\assets.go","1184","10/10/2025 7:50:25 AM",".go"
"C:\ARES_Workspace\ARES_API\internal\models\chat.go","260","10/10/2025 7:50:25 AM",".go"
"C:\ARES_Workspace\ARES_API\internal\models\ledger.go","342","10/10/2025 7:50:25 AM",".go"
"C:\ARES_Workspace\ARES_API\internal\models\settings.go","199","10/10/2025 7:50:25 AM",".go"
"C:\ARES_Workspace\ARES_API\internal\ollama\client.go","2524","10/10/2025 7:50:25 AM",".go"
"C:\ARES_Workspace\ARES_API\internal\repositories\chat_repository.go","644","10/10/2025 7:50:25 AM",".go"
"C:\ARES_Workspace\ARES_API\internal\services\asset_service.go","1754","10/10/2025 7:50:25 AM",".go"
"C:\ARES_Workspace\ARES_API\internal\repositories\user_repository.go","992","10/10/2025 7:50:25 AM",".go"
"C:\ARES_Workspace\ARES_API\internal\services\ledger_service.go","1345","10/10/2025 7:50:25 AM",".go"
"C:\ARES_Workspace\ARES_API\internal\services\settings_service.go","788","10/10/2025 7:50:25 AM",".go"
"C:\ARES_Workspace\ARES_API\internal\repositories\settings_repository.go","661","10/10/2025 7:50:25 AM",".go"
"C:\ARES_Workspace\ARES_API\config\config.go","238","10/10/2025 7:50:25 AM",".go"
"C:\ARES_Workspace\ARES_API\internal\common\logger.go","152","10/10/2025 7:50:25 AM",".go"
"C:\ARES_Workspace\ARES_API\internal\api\controllers\asset_controller.go","3883","10/10/2025 7:50:25 AM",".go"
"C:\ARES_Workspace\ARES_API\internal\api\controllers\balance_controller.go","4188","10/10/2025 7:50:25 AM",".go"
"C:\ARES_Workspace\ARES_API\internal\common\response.go","147","10/10/2025 7:50:25 AM",".go"
"C:\ARES_Workspace\ARES_API\internal\database\db.go","737","10/10/2025 7:50:25 AM",".go"
"C:\ARES_Workspace\ARES_API\internal\api\dto\trade_dto.go","1032","10/10/2025 7:50:25 AM",".go"
"C:\ARES_Workspace\ARES_API\internal\api\dto\settings_dto.go","256","10/10/2025 7:50:25 AM",".go"
"C:\ARES_Workspace\ARES_API\internal\interfaces\repository\chat_repo_interface.go","190","10/10/2025 7:50:25 AM",".go"
"C:\ARES_Workspace\ARES_API\internal\interfaces\repository\ledger_repo_inteface.go","358","10/10/2025 7:50:25 AM",".go"
"C:\ARES_Workspace\ARES_API\internal\interfaces\repository\settings_repo_interface.go","194","10/10/2025 7:50:25 AM",".go"
"C:\ARES_Workspace\ARES_API\internal\api\controllers\settings_controller.go","1301","10/10/2025 7:50:25 AM",".go"
"C:\ARES_Workspace\ARES_API\internal\interfaces\repository\trade_repo_interface.go","345","10/10/2025 7:50:25 AM",".go"
"C:\ARES_Workspace\ARES_API\internal\interfaces\repository\user_repo_interface.go","272","10/10/2025 7:50:25 AM",".go"
"C:\ARES_Workspace\ARES_API\internal\interfaces\service\asset_service_interface.go","312","10/10/2025 7:50:25 AM",".go"
"C:\ARES_Workspace\ARES_API\internal\interfaces\service\balance_service_interface.go","342","10/10/2025 7:50:25 AM",".go"
"C:\ARES_Workspace\ARES_API\internal\api\dto\asset_dto.go","1206","10/10/2025 7:50:25 AM",".go"
"C:\ARES_Workspace\ARES_API\internal\interfaces\repository\asset_repo_interface.go","326","10/10/2025 7:50:25 AM",".go"
"C:\ARES_Workspace\ARES_API\internal\interfaces\service\ledger_service_interface.go","302","10/10/2025 7:50:25 AM",".go"
"C:\ARES_Workspace\ARES_API\internal\middleware\authMiddleware.go","1074","10/10/2025 7:50:25 AM",".go"
"C:\ARES_Workspace\ARES_API\internal\middleware\cors.go","484","10/10/2025 7:50:25 AM",".go"
"C:\ARES_Workspace\ARES_API\internal\api\dto\user_dto.go","1320","10/10/2025 7:50:25 AM",".go"
"C:\ARES_Workspace\ARES_API\internal\interfaces\service\chat_service_interface.go","236","10/10/2025 7:50:25 AM",".go"
"C:\ARES_Workspace\ARES_API\internal\interfaces\service\trade_service_interface.go","388","10/10/2025 7:50:25 AM",".go"
"C:\ARES_Workspace\ARES_API\internal\interfaces\service\settings_service_interface.go","103","10/10/2025 7:50:25 AM",".go"
"C:\ARES_Workspace\ARES_API\internal\api\dto\balance_dto.go","158","10/10/2025 7:50:25 AM",".go"
"C:\ARES_Workspace\ARES_API\README.md","10","10/10/2025 7:50:25 AM",".md"
"C:\ARES_Workspace\ARES_API\static\monaco\vs\basic-languages\solidity\solidity.js","19428","26/10/1985 6:15:00 PM",".js"
"C:\ARES_Workspace\ARES_API\static\monaco\vs\basic-languages\rust\rust.js","4983","26/10/1985 6:15:00 PM",".js"
"C:\ARES_Workspace\ARES_API\static\monaco\vs\basic-languages\shell\shell.js","3898","26/10/1985 6:15:00 PM",".js"
"C:\ARES_Workspace\ARES_API\static\monaco\vs\basic-languages\scss\scss.js","7232","26/10/1985 6:15:00 PM",".js"
"C:\ARES_Workspace\ARES_API\static\monaco\vs\basic-languages\scheme\scheme.js","2594","26/10/1985 6:15:00 PM",".js"
"C:\ARES_Workspace\ARES_API\static\monaco\vs\basic-languages\scala\scala.js","8143","26/10/1985 6:15:00 PM",".js"
"C:\ARES_Workspace\ARES_API\static\monaco\vs\basic-languages\sb\sb.js","2648","26/10/1985 6:15:00 PM",".js"
"C:\ARES_Workspace\ARES_API\static\monaco\vs\basic-languages\ruby\ruby.js","9327","26/10/1985 6:15:00 PM",".js"
"C:\ARES_Workspace\ARES_API\static\monaco\vs\basic-languages\razor\razor.js","9821","26/10/1985 6:15:00 PM",".js"
"C:\ARES_Workspace\ARES_API\static\monaco\vs\basic-languages\redshift\redshift.js","12631","26/10/1985 6:15:00 PM",".js"
"C:\ARES_Workspace\ARES_API\static\monaco\vs\basic-languages\redis\redis.js","4381","26/10/1985 6:15:00 PM",".js"
"C:\ARES_Workspace\ARES_API\static\monaco\vs\basic-languages\sophia\sophia.js","3591","26/10/1985 6:15:00 PM",".js"
"C:\ARES_Workspace\ARES_API\static\monaco\vs\basic-languages\r\r.js","3948","26/10/1985 6:15:00 PM",".js"
"C:\ARES_Workspace\ARES_API\static\monaco\vs\basic-languages\qsharp\qsharp.js","4016","26/10/1985 6:15:00 PM",".js"
"C:\ARES_Workspace\ARES_API\static\monaco\vs\basic-languages\python\python.js","5239","26/10/1985 6:15:00 PM",".js"
"C:\ARES_Workspace\ARES_API\static\monaco\vs\basic-languages\pug\pug.js","5649","26/10/1985 6:15:00 PM",".js"
"C:\ARES_Workspace\ARES_API\static\monaco\vs\basic-languages\protobuf\protobuf.js","9877","26/10/1985 6:15:00 PM",".js"
"C:\ARES_Workspace\ARES_API\static\monaco\vs\basic-languages\restructuredtext\restructuredtext.js","4740","26/10/1985 6:15:00 PM",".js"
"C:\ARES_Workspace\ARES_API\static\monaco\vs\basic-languages\sparql\sparql.js","3379","26/10/1985 6:15:00 PM",".js"
"C:\ARES_Workspace\ARES_API\static\monaco\vs\basic-languages\tcl\tcl.js","4392","26/10/1985 6:15:00 PM",".js"
"C:\ARES_Workspace\ARES_API\static\monaco\vs\basic-languages\st\st.js","8222","26/10/1985 6:15:00 PM",".js"
"C:\ARES_Workspace\ARES_API\static\monaco\vs\language\typescript\tsWorker.js","5749518","26/10/1985 6:15:00 PM",".js"
"C:\ARES_Workspace\ARES_API\static\monaco\vs\language\typescript\tsMode.js","23919","26/10/1985 6:15:00 PM",".js"
"C:\ARES_Workspace\ARES_API\static\monaco\vs\language\json\jsonWorker.js","131177","26/10/1985 6:15:00 PM",".js"
"C:\ARES_Workspace\ARES_API\static\monaco\vs\language\json\jsonMode.js","42545","26/10/1985 6:15:00 PM",".js"
"C:\ARES_Workspace\ARES_API\static\monaco\vs\language\html\htmlWorker.js","449070","26/10/1985 6:15:00 PM",".js"
"C:\ARES_Workspace\ARES_API\static\monaco\vs\language\html\htmlMode.js","33634","26/10/1985 6:15:00 PM",".js"
"C:\ARES_Workspace\ARES_API\static\monaco\vs\language\css\cssWorker.js","778035","26/10/1985 6:15:00 PM",".js"
"C:\ARES_Workspace\ARES_API\static\monaco\vs\language\css\cssMode.js","33094","26/10/1985 6:15:00 PM",".js"
"C:\ARES_Workspace\ARES_API\static\monaco\vs\basic-languages\sql\sql.js","11118","26/10/1985 6:15:00 PM",".js"
"C:\ARES_Workspace\ARES_API\static\monaco\vs\editor\editor.main.js","3766654","26/10/1985 6:15:00 PM",".js"
"C:\ARES_Workspace\ARES_API\static\monaco\vs\basic-languages\xml\xml.js","3452","26/10/1985 6:15:00 PM",".js"
"C:\ARES_Workspace\ARES_API\static\monaco\vs\basic-languages\powershell\powershell.js","4104","26/10/1985 6:15:00 PM",".js"
"C:\ARES_Workspace\ARES_API\static\monaco\vs\basic-languages\vb\vb.js","6610","26/10/1985 6:15:00 PM",".js"
"C:\ARES_Workspace\ARES_API\static\monaco\vs\basic-languages\typespec\typespec.js","3627","26/10/1985 6:15:00 PM",".js"
"C:\ARES_Workspace\ARES_API\static\monaco\vs\basic-languages\typescript\typescript.js","6460","26/10/1985 6:15:00 PM",".js"
"C:\ARES_Workspace\ARES_API\static\monaco\vs\basic-languages\twig\twig.js","6796","26/10/1985 6:15:00 PM",".js"
"C:\ARES_Workspace\ARES_API\static\monaco\vs\basic-languages\systemverilog\systemverilog.js","8444","26/10/1985 6:15:00 PM",".js"
"C:\ARES_Workspace\ARES_API\static\monaco\vs\basic-languages\swift\swift.js","5997","26/10/1985 6:15:00 PM",".js"
"C:\ARES_Workspace\ARES_API\static\monaco\vs\basic-languages\yaml\yaml.js","5056","26/10/1985 6:15:00 PM",".js"
"C:\ARES_Workspace\ARES_API\static\monaco\vs\basic-languages\wgsl\wgsl.js","8146","26/10/1985 6:15:00 PM",".js"
"C:\ARES_Workspace\ARES_API\static\monaco\vs\basic-languages\postiats\postiats.js","8687","26/10/1985 6:15:00 PM",".js"
"C:\ARES_Workspace\ARES_API\static\monaco\vs\basic-languages\pla\pla.js","2504","26/10/1985 6:15:00 PM",".js"
"C:\ARES_Workspace\ARES_API\static\monaco\vs\basic-languages\ecl\ecl.js","6163","26/10/1985 6:15:00 PM",".js"
"C:\ARES_Workspace\ARES_API\static\monaco\vs\basic-languages\dockerfile\dockerfile.js","2704","26/10/1985 6:15:00 PM",".js"
"C:\ARES_Workspace\ARES_API\static\monaco\vs\basic-languages\dart\dart.js","5073","26/10/1985 6:15:00 PM",".js"
"C:\ARES_Workspace\ARES_API\static\monaco\vs\basic-languages\cypher\cypher.js","4212","26/10/1985 6:15:00 PM",".js"
"C:\ARES_Workspace\ARES_API\static\monaco\vs\basic-languages\css\css.js","5331","26/10/1985 6:15:00 PM",".js"
"C:\ARES_Workspace\ARES_API\static\monaco\vs\basic-languages\csp\csp.js","2240","26/10/1985 6:15:00 PM",".js"
"C:\ARES_Workspace\ARES_API\static\monaco\vs\basic-languages\csharp\csharp.js","5351","26/10/1985 6:15:00 PM",".js"
"C:\ARES_Workspace\ARES_API\static\monaco\vs\basic-languages\coffee\coffee.js","4417","26/10/1985 6:15:00 PM",".js"
"C:\ARES_Workspace\ARES_API\static\monaco\vs\basic-languages\clojure\clojure.js","10472","26/10/1985 6:15:00 PM",".js"
"C:\ARES_Workspace\ARES_API\static\monaco\vs\basic-languages\cameligo\cameligo.js","3016","26/10/1985 6:15:00 PM",".js"
"C:\ARES_Workspace\ARES_API\static\monaco\vs\basic-languages\bicep\bicep.js","3361","26/10/1985 6:15:00 PM",".js"
"C:\ARES_Workspace\ARES_API\static\monaco\vs\basic-languages\bat\bat.js","2666","26/10/1985 6:15:00 PM",".js"
"C:\ARES_Workspace\ARES_API\static\monaco\vs\basic-languages\elixir\elixir.js","11084","26/10/1985 6:15:00 PM",".js"
"C:\ARES_Workspace\ARES_API\static\monaco\vs\basic-languages\azcli\azcli.js","1673","26/10/1985 6:15:00 PM",".js"
"C:\ARES_Workspace\ARES_API\static\monaco\vs\basic-languages\abap\abap.js","14986","26/10/1985 6:15:00 PM",".js"
"C:\ARES_Workspace\ARES_API\static\monaco\vs\base\worker\workerMain.js","376515","26/10/1985 6:15:00 PM",".js"
"C:\ARES_Workspace\ARES_API\static\monaco\vs\nls.messages.zh-tw.js","161126","26/10/1985 6:15:00 PM",".js"
"C:\ARES_Workspace\ARES_API\static\monaco\vs\nls.messages.zh-cn.js","157372","26/10/1985 6:15:00 PM",".js"
"C:\ARES_Workspace\ARES_API\static\monaco\vs\nls.messages.ru.js","538578","26/10/1985 6:15:00 PM",".js"
"C:\ARES_Workspace\ARES_API\static\monaco\vs\nls.messages.ko.js","210086","26/10/1985 6:15:00 PM",".js"
"C:\ARES_Workspace\ARES_API\static\monaco\vs\nls.messages.ja.js","256463","26/10/1985 6:15:00 PM",".js"
"C:\ARES_Workspace\ARES_API\static\monaco\vs\nls.messages.it.js","122202","26/10/1985 6:15:00 PM",".js"
"C:\ARES_Workspace\ARES_API\static\monaco\vs\nls.messages.fr.js","133124","26/10/1985 6:15:00 PM",".js"
"C:\ARES_Workspace\ARES_API\static\monaco\vs\nls.messages.es.js","120624","26/10/1985 6:15:00 PM",".js"
"C:\ARES_Workspace\ARES_API\static\monaco\vs\nls.messages.de.js","119967","26/10/1985 6:15:00 PM",".js"
"C:\ARES_Workspace\ARES_API\static\monaco\vs\loader.js","30051","26/10/1985 6:15:00 PM",".js"
"C:\ARES_Workspace\ARES_API\static\monaco\vs\basic-languages\apex\apex.js","4775","26/10/1985 6:15:00 PM",".js"
"C:\ARES_Workspace\ARES_API\static\monaco\vs\basic-languages\powerquery\powerquery.js","17774","26/10/1985 6:15:00 PM",".js"
"C:\ARES_Workspace\ARES_API\static\monaco\vs\basic-languages\flow9\flow9.js","2635","26/10/1985 6:15:00 PM",".js"
"C:\ARES_Workspace\ARES_API\static\monaco\vs\basic-languages\fsharp\fsharp.js","3810","26/10/1985 6:15:00 PM",".js"
"C:\ARES_Workspace\ARES_API\static\monaco\vs\basic-languages\php\php.js","8848","26/10/1985 6:15:00 PM",".js"
"C:\ARES_Workspace\ARES_API\static\monaco\vs\basic-languages\pgsql\pgsql.js","14289","26/10/1985 6:15:00 PM",".js"
"C:\ARES_Workspace\ARES_API\static\monaco\vs\basic-languages\perl\perl.js","9078","26/10/1985 6:15:00 PM",".js"
"C:\ARES_Workspace\ARES_API\static\monaco\vs\basic-languages\pascaligo\pascaligo.js","2833","26/10/1985 6:15:00 PM",".js"
"C:\ARES_Workspace\ARES_API\static\monaco\vs\basic-languages\pascal\pascal.js","3822","26/10/1985 6:15:00 PM",".js"
"C:\ARES_Workspace\ARES_API\static\monaco\vs\basic-languages\objective-c\objective-c.js","3239","26/10/1985 6:15:00 PM",".js"
"C:\ARES_Workspace\ARES_API\static\monaco\vs\basic-languages\mysql\mysql.js","12099","26/10/1985 6:15:00 PM",".js"
"C:\ARES_Workspace\ARES_API\static\monaco\vs\basic-languages\msdax\msdax.js","5737","26/10/1985 6:15:00 PM",".js"
"C:\ARES_Workspace\ARES_API\static\monaco\vs\basic-languages\mips\mips.js","3402","26/10/1985 6:15:00 PM",".js"
"C:\ARES_Workspace\ARES_API\static\monaco\vs\basic-languages\mdx\mdx.js","5916","26/10/1985 6:15:00 PM",".js"
"C:\ARES_Workspace\ARES_API\static\monaco\vs\basic-languages\markdown\markdown.js","4619","26/10/1985 6:15:00 PM",".js"
"C:\ARES_Workspace\ARES_API\static\monaco\vs\basic-languages\m3\m3.js","3636","26/10/1985 6:15:00 PM",".js"
"C:\ARES_Workspace\ARES_API\static\monaco\vs\basic-languages\freemarker2\freemarker2.js","17149","26/10/1985 6:15:00 PM",".js"
"C:\ARES_Workspace\ARES_API\static\monaco\vs\basic-languages\lua\lua.js","2944","26/10/1985 6:15:00 PM",".js"
"C:\ARES_Workspace\ARES_API\static\monaco\vs\basic-languages\lexon\lexon.js","3262","26/10/1985 6:15:00 PM",".js"
"C:\ARES_Workspace\ARES_API\static\monaco\vs\basic-languages\less\less.js","4721","26/10/1985 6:15:00 PM",".js"
"C:\ARES_Workspace\ARES_API\static\monaco\vs\basic-languages\kotlin\kotlin.js","4266","26/10/1985 6:15:00 PM",".js"
"C:\ARES_Workspace\ARES_API\static\monaco\vs\basic-languages\julia\julia.js","8052","26/10/1985 6:15:00 PM",".js"
"C:\ARES_Workspace\ARES_API\static\monaco\vs\basic-languages\javascript\javascript.js","7137","26/10/1985 6:15:00 PM",".js"
"C:\ARES_Workspace\ARES_API\static\monaco\vs\basic-languages\java\java.js","4044","26/10/1985 6:15:00 PM",".js"
"C:\ARES_Workspace\ARES_API\static\monaco\vs\basic-languages\ini\ini.js","1922","26/10/1985 6:15:00 PM",".js"
"C:\ARES_Workspace\ARES_API\static\monaco\vs\basic-languages\html\html.js","6055","26/10/1985 6:15:00 PM",".js"
"C:\ARES_Workspace\ARES_API\static\monaco\vs\basic-languages\hcl\hcl.js","4411","26/10/1985 6:15:00 PM",".js"
"C:\ARES_Workspace\ARES_API\static\monaco\vs\basic-languages\handlebars\handlebars.js","7827","26/10/1985 6:15:00 PM",".js"
"C:\ARES_Workspace\ARES_API\static\monaco\vs\basic-languages\graphql\graphql.js","3089","26/10/1985 6:15:00 PM",".js"
"C:\ARES_Workspace\ARES_API\static\monaco\vs\basic-languages\go\go.js","3476","26/10/1985 6:15:00 PM",".js"
"C:\ARES_Workspace\ARES_API\static\monaco\vs\basic-languages\liquid\liquid.js","5005","26/10/1985 6:15:00 PM",".js"
"C:\ARES_Workspace\ARES_API\static\monaco\vs\basic-languages\cpp\cpp.js","6121","26/10/1985 6:15:00 PM",".js"
